[
  {
    "title": "Installer crash on Raspberry Pi 4 during partition step",
    "body": "When attempting to install XXOS on Raspberry Pi 4, the installer aborts at partitioning with exit code 1. Logs: ...",
    "labels": [
      "bug"
    ],
    "arch": "arm64"
  },
  {
    "title": "Metasploit container fails to start",
    "body": "After image pull, running the Metasploit container exits with error 'permission denied' when binding ports.",
    "labels": [
      "bug"
    ],
    "arch": "amd64"
  }
]